Ticker,Stock_Price,Tax Effect Of Unusual Items,Tax Rate For Calcs,Normalized EBITDA,Total Unusual Items,Total Unusual Items Excluding Goodwill,Net Income From Continuing Operation Net Minority Interest,EBITDA,EBIT,Normalized Income,Net Income From Continuing And Discontinued Operation,Total Expenses,Total Operating Income As Reported,Diluted Average Shares,Basic Average Shares,Diluted EPS,Basic EPS,Diluted NI Availto Com Stockholders,Net Income Common Stockholders,Net Income,Net Income Including Noncontrolling Interests,Net Income Continuous Operations,Pretax Income,Other Income Expense,Gain On Sale Of Security,Operating Income,Operating Expense,Selling General And Administration,General And Administrative Expense,Other Gand A,Total Revenue,Operating Revenue,Ordinary Shares Number,Share Issued,Net Debt,Total Debt,Tangible Book Value,Invested Capital,Working Capital,Net Tangible Assets,Common Stock Equity,Total Capitalization,Total Equity Gross Minority Interest,Stockholders Equity,Retained Earnings,Additional Paid In Capital,Capital Stock,Common Stock,Preferred Stock,Total Liabilities Net Minority Interest,Total Non Current Liabilities Net Minority Interest,Non Current Deferred Liabilities,Current Liabilities,Other Current Liabilities,Current Debt And Capital Lease Obligation,Current Debt,Other Current Borrowings,Payables And Accrued Expenses,Current Accrued Expenses,Payables,Dueto Related Parties Current,Accounts Payable,Total Assets,Total Non Current Assets,Other Non Current Assets,Current Assets,Prepaid Assets,Cash Cash Equivalents And Short Term Investments,Cash And Cash Equivalents,Cash Financial,Free Cash Flow,Repurchase Of Capital Stock,Repayment Of Debt,Issuance Of Debt,Issuance Of Capital Stock,End Cash Position,Beginning Cash Position,Changes In Cash,Financing Cash Flow,Cash Flow From Continuing Financing Activities,Net Other Financing Charges,Net Common Stock Issuance,Common Stock Payments,Common Stock Issuance,Net Issuance Payments Of Debt,Net Short Term Debt Issuance,Short Term Debt Payments,Short Term Debt Issuance,Net Long Term Debt Issuance,Long Term Debt Payments,Investing Cash Flow,Cash Flow From Continuing Investing Activities,Net Other Investing Changes,Operating Cash Flow,Cash Flow From Continuing Operating Activities,Change In Working Capital,Change In Payables And Accrued Expense,Change In Accrued Expense,Change In Payable,Change In Account Payable,Change In Prepaid Assets,Other Non Cash Items,Operating Gains Losses,Gain Loss On Investment Securities,Net Income From Continuing Operations,Net Interest Income,Interest Income,Tax Provision,Net Non Operating Interest Income Expense,Interest Income Non Operating,Other Operating Expenses,Derivative Product Liabilities,Tradeand Other Payables Non Current,Current Notes Payable,Total Tax Payable,Income Tax Payable,Other Current Assets,Income Tax Paid Supplemental Data,Long Term Debt Issuance,Change In Tax Payable,Change In Income Tax Payable,Other Taxes,Preferred Securities Outside Stock Equity,Non Current Deferred Taxes Liabilities,Interest Paid Supplemental Data,Deferred Tax,Deferred Income Tax,Interest Expense,Other Non Operating Income Expenses,Interest Expense Non Operating,Treasury Shares Number,Long Term Debt And Capital Lease Obligation,Long Term Debt,Interest Payable,Non Current Prepaid Assets,Non Current Deferred Assets,Proceeds From Stock Option Exercised,Change In Other Working Capital,Change In Interest Payable,Unrealized Gain Loss On Investment Securities,Non Current Deferred Revenue,Receivables,Other Receivables,Interest Received Cfi,Change In Receivables,Special Income Charges,Restructuring And Mergern Acquisition,Total Other Finance Cost,Current Deferred Assets,Change In Other Current Assets
22.3,10.59000015258789,873346.74,0.21,-7045077.0,4158794.0,4158794.0,1272511.0,-2886283.0,-2886283.0,-2012936.26,1272511.0,2886283.0,-2886283.0,-1.0,-1.0,-1.0,-1.0,1272511.0,1272511.0,1272511.0,1272511.0,1272511.0,1272511.0,4158794.0,4158794.0,-2886283.0,2886283.0,2886283.0,2886283.0,2886283.0,0.0,0.0,9550705.0,9550705.0,1442431.0,1500000.0,41508333.0,43008333.0,-11679397.0,41508333.0,41508333.0,41508333.0,41508333.0,41508333.0,-2974255.0,0.0,44482588.0,44482588.0,0.0,11741465.0,0.0,0.0,11741465.0,8605678.0,1500000.0,1500000.0,1500000.0,1635787.0,1299147.0,336640.0,241414.0,95226.0,53249798.0,53187730.0,53187730.0,62068.0,4499.0,57569.0,57569.0,57569.0,-2020097.0,-168236768.0,-1.0,1500000.0,-1.0,57569.0,336252.0,-278683.0,-166495354.0,-166495354.0,241414.0,-168236768.0,-168236768.0,-1.0,1500000.0,1500000.0,-1.0,1500000.0,-1.0,-1.0,168236768.0,168236768.0,168236768.0,-2020097.0,-2020097.0,866186.0,784286.0,691051.0,93235.0,93235.0,81900.0,-1.0,-4158794.0,-4158794.0,1272511.0,-1.0,-1.0,-1.0,-1.0,-1.0,-1.0,-1.0,-1.0,-1.0,-1.0,-1.0,-1.0,-1.0,-1.0,-1.0,-1.0,-1.0,-1.0,-1.0,-1.0,-1.0,-1.0,-1.0,-1.0,-1.0,-1.0,-1.0,-1.0,-1.0,-1.0,-1.0,-1.0,-1.0,-1.0,-1.0,-1.0,-1.0,-1.0,-1.0,-1.0,-1.0,-1.0,-1.0,-1.0,-1.0
22.2,10.0600004196167,599580.87,0.21,-4213071.0,2855147.0,2855147.0,1497223.0,-1357924.0,-1357924.0,-758343.13,1497223.0,1357924.0,-1357924.0,27422180.0,27422180.0,0.05,0.05,1497223.0,1497223.0,1497223.0,1497223.0,1497223.0,1497223.0,2855147.0,2855147.0,-1357924.0,1357924.0,1357924.0,1357924.0,1357924.0,0.0,0.0,26796875.0,26796875.0,-1.0,-1.0,209575143.0,209575143.0,-187436.0,209575143.0,209575143.0,209575143.0,209575143.0,209575143.0,-7591097.0,0.0,217166240.0,217166240.0,0.0,8113212.0,7503125.0,7503125.0,610087.0,-1.0,-1.0,-1.0,-1.0,610087.0,608096.0,1991.0,0.0,1991.0,217688355.0,217265704.0,217265704.0,422651.0,86399.0,336252.0,336252.0,336252.0,-562110.0,0.0,0.0,0.0,0.0,336252.0,983362.0,-647110.0,-85000.0,-85000.0,-85000.0,0.0,0.0,0.0,0.0,0.0,-1.0,0.0,0.0,0.0,0.0,0.0,-1.0,-562110.0,-562110.0,795814.0,470188.0,546497.0,-76309.0,-76309.0,325626.0,-1.0,-2855147.0,-2855147.0,1497223.0,-1.0,-1.0,-1.0,-1.0,-1.0,-1.0,-1.0,-1.0,-1.0,-1.0,-1.0,-1.0,-1.0,-1.0,-1.0,-1.0,-1.0,-1.0,-1.0,-1.0,-1.0,-1.0,-1.0,-1.0,-1.0,-1.0,-1.0,-1.0,-1.0,-1.0,-1.0,-1.0,-1.0,-1.0,-1.0,-1.0,-1.0,-1.0,-1.0,-1.0,-1.0,-1.0,-1.0,-1.0,-1.0
22.1,9.70009994506836,0.0,0.0,-813997.0,35557.0,35557.0,-742883.0,-778440.0,-778440.0,-778440.0,-742883.0,778440.0,-778440.0,22436860.0,22436860.0,-0.03,-0.03,-742883.0,-742883.0,-742883.0,-742883.0,-742883.0,-742883.0,35557.0,35557.0,-778440.0,778440.0,778440.0,778440.0,778440.0,0.0,0.0,27425625.0,27425625.0,-1.0,-1.0,208077920.0,208077920.0,1170488.0,208077920.0,208077920.0,208077920.0,208077920.0,208077920.0,-6297679.0,0.0,214375599.0,214375599.0,0.0,7728024.0,7503125.0,7503125.0,224899.0,-1.0,-1.0,-1.0,-1.0,224899.0,61599.0,163300.0,-1.0,163300.0,215805944.0,214410557.0,214410557.0,1395387.0,412025.0,983362.0,983362.0,983362.0,-1025566.0,-1.0,-80693.0,-1.0,220662500.0,983362.0,0.0,983362.0,216383928.0,216383928.0,-4197879.0,220662500.0,-1.0,220662500.0,-80693.0,-80693.0,-80693.0,-1.0,-80693.0,-80693.0,-214375000.0,-214375000.0,-214375000.0,-1025566.0,-1025566.0,-272126.0,139899.0,61599.0,78300.0,78300.0,-412025.0,25000.0,-35557.0,-35557.0,-742883.0,-1.0,-1.0,-1.0,-1.0,-1.0,-1.0,-1.0,-1.0,-1.0,-1.0,-1.0,-1.0,-1.0,-1.0,-1.0,-1.0,-1.0,-1.0,-1.0,-1.0,-1.0,-1.0,-1.0,-1.0,-1.0,-1.0,-1.0,-1.0,-1.0,-1.0,-1.0,-1.0,-1.0,-1.0,-1.0,-1.0,-1.0,-1.0,-1.0,-1.0,-1.0,-1.0,-1.0,-1.0,-1.0
25.3,10.220000267028809,129467.851,0.241,-1927032.0,537211.0,537211.0,4095236.0,-1389821.0,-1389821.0,3687492.851,4095236.0,1389821.0,-1389821.0,-1.0,-1.0,-1.0,-1.0,4095236.0,4095236.0,4095236.0,4095236.0,4095236.0,5305740.0,537211.0,537211.0,-1389821.0,1389821.0,-1.0,-1.0,-1.0,0.0,0.0,10078338.0,10078338.0,767998.0,781000.0,22645189.0,23426189.0,-5959611.0,22645189.0,22645189.0,22645189.0,22645189.0,22645189.0,-14381397.0,0.0,37026586.0,37026586.0,0.0,14646199.0,8668584.0,-1.0,5977615.0,-1.0,781000.0,781000.0,781000.0,5196615.0,-1.0,5196615.0,-1.0,1664765.0,37291388.0,37273384.0,37273384.0,18004.0,5002.0,13002.0,13002.0,13002.0,-2159464.0,-207089563.0,-604000.0,1179000.0,-1.0,13002.0,32022.0,-19020.0,-206514563.0,-206514563.0,-1.0,-207089563.0,-207089563.0,-1.0,575000.0,575000.0,-604000.0,1179000.0,-1.0,-1.0,208655007.0,208655007.0,208655007.0,-2159464.0,-2159464.0,440861.0,324646.0,-1.0,324646.0,-461869.0,116215.0,-6158350.0,-537211.0,-537211.0,4095236.0,6158350.0,6158350.0,1210504.0,6158350.0,6158350.0,1389821.0,390110.0,8278474.0,-1.0,3531850.0,1460954.0,-1.0,368989.0,-1.0,786515.0,786515.0,-1.0,-1.0,-1.0,-1.0,-1.0,-1.0,-1.0,-1.0,-1.0,-1.0,-1.0,-1.0,-1.0,-1.0,-1.0,-1.0,-1.0,-1.0,-1.0,-1.0,-1.0,-1.0,-1.0,-1.0,-1.0,-1.0,-1.0,-1.0,-1.0
25.2,9.920000076293945,784511.56,0.245,-6277346.0,3202088.0,3202088.0,2862308.0,-3075258.0,-3075258.0,444731.56,2862308.0,3075258.0,-3075258.0,30214036.0,6561252.0,0.094734,0.436244,2862308.0,2862308.0,2862308.0,2862308.0,2862308.0,3536747.0,3202088.0,3202088.0,-3075258.0,3075258.0,-1.0,-1.0,-1.0,0.0,0.0,30214036.0,30214036.0,173978.0,206000.0,227710412.0,227916412.0,-2853838.0,227710412.0,227710412.0,227710412.0,227710412.0,227710412.0,-11696926.0,0.0,239407338.0,239407338.0,0.0,12212872.0,9205795.0,8278474.0,3007077.0,-1.0,206000.0,206000.0,206000.0,2801077.0,-1.0,2801077.0,-1.0,2126638.0,239923284.0,239770045.0,239770045.0,153239.0,121217.0,32022.0,32022.0,32022.0,-908794.0,0.0,0.0,206000.0,0.0,32022.0,559285.0,-527263.0,206000.0,206000.0,-1.0,0.0,0.0,0.0,206000.0,206000.0,0.0,206000.0,-1.0,-1.0,175531.0,175531.0,175531.0,-908794.0,-908794.0,2840903.0,2588177.0,-1.0,2588177.0,2279738.0,252726.0,-3409917.0,-3202088.0,-3202088.0,2862308.0,3409917.0,3409917.0,674439.0,3409917.0,3409917.0,3075258.0,927321.0,8278474.0,206000.0,674439.0,674439.0,-1.0,0.0,-1.0,308439.0,308439.0,-1.0,-1.0,-1.0,-1.0,-1.0,-1.0,-1.0,-1.0,-1.0,-1.0,-1.0,-1.0,-1.0,-1.0,-1.0,-1.0,-1.0,-1.0,-1.0,-1.0,-1.0,-1.0,-1.0,-1.0,-1.0,-1.0,-1.0,-1.0,-1.0
25.1,9.75,0.0,0.0,-1637870.0,732055.0,732055.0,-165906.0,-905815.0,-905815.0,-897961.0,-165906.0,905815.0,-905815.0,18004276.0,18004276.0,-0.01,-0.01,-165906.0,-165906.0,-165906.0,-165906.0,-165906.0,-165906.0,732055.0,732055.0,-905815.0,905815.0,905815.0,905815.0,905815.0,0.0,0.0,30214036.0,30214036.0,-1.0,-1.0,224848104.0,224848104.0,720328.0,224848104.0,224848104.0,224848104.0,224848104.0,224848104.0,-11688211.0,0.0,236536315.0,236536315.0,0.0,12620783.0,12407883.0,8278474.0,212900.0,-1.0,-1.0,-1.0,-1.0,212900.0,-1.0,212900.0,-1.0,212900.0,237468887.0,236535659.0,236535659.0,933228.0,373943.0,559285.0,559285.0,559285.0,-797018.0,-1.0,-105000.0,105000.0,238302843.0,559285.0,0.0,559285.0,237884143.0,237884143.0,-418700.0,238302843.0,-1.0,238302843.0,0.0,0.0,-105000.0,105000.0,-105000.0,-105000.0,-236527840.0,-236527840.0,-236527840.0,-797018.0,-797018.0,-161043.0,212900.0,-1.0,212900.0,212900.0,-373943.0,-7819.0,-462250.0,-462250.0,-165906.0,7854.0,7854.0,0.0,7854.0,7854.0,905815.0,4129409.0,8278474.0,0.0,0.0,0.0,-3.0,-1.0,105000.0,0.0,0.0,-1.0,-1.0,-1.0,-1.0,-1.0,-1.0,-1.0,-1.0,-1.0,-1.0,-1.0,-1.0,-1.0,-1.0,-1.0,-1.0,-1.0,-1.0,-1.0,-1.0,-1.0,-1.0,-1.0,-1.0,-1.0,-1.0,-1.0,-1.0,-1.0
29.2,10.779999732971191,0.0,0.21,-1249577.0,-1.0,-1.0,1336935.0,-1249577.0,-1249577.0,1336935.0,1336935.0,1249577.0,-1249577.0,-1.0,-1.0,-1.0,-1.0,1336935.0,1336935.0,1336935.0,1336935.0,1336935.0,2414627.0,-1.0,-1.0,-1249577.0,1249577.0,-1.0,-1.0,-1.0,0.0,0.0,7487243.0,7487243.0,2144170.0,2162500.0,47884043.0,50046543.0,-2770337.0,47884043.0,47884043.0,47884043.0,47884043.0,47884043.0,-6119758.0,0.0,54003801.0,54003801.0,0.0,6255643.0,3421250.0,3421250.0,2834393.0,-1.0,2162500.0,2162500.0,2162500.0,671893.0,97513.0,574380.0,-1.0,-1.0,54139686.0,54075630.0,54075630.0,64056.0,45726.0,18330.0,18330.0,18330.0,-2579809.0,-50225065.0,0.0,2162500.0,0.0,18330.0,546632.0,-528302.0,-48062565.0,-48062565.0,-1.0,-50225065.0,-50225065.0,0.0,2162500.0,2162500.0,0.0,2162500.0,-1.0,-1.0,50114072.0,50114072.0,50114072.0,-2579809.0,-2579809.0,-252540.0,-375305.0,5737.0,-381042.0,-1.0,122765.0,-3664204.0,-1.0,-1.0,1336935.0,3664204.0,3664204.0,1077692.0,3664204.0,3664204.0,1167531.0,-1.0,-1.0,-1.0,574380.0,35748.0,-1.0,1463923.0,-1.0,-381042.0,-381042.0,82046.0,-1.0,-1.0,0.0,-1.0,-1.0,-1.0,-1.0,-1.0,-1.0,-1.0,-1.0,-1.0,-1.0,-1.0,-1.0,-1.0,-1.0,-1.0,-1.0,-1.0,-1.0,-1.0,-1.0,-1.0,-1.0,-1.0,-1.0,-1.0
29.1,10.229999542236328,0.0,0.21,-508379.0,-1.0,-1.0,404616.0,-508379.0,-508379.0,404616.0,404616.0,508379.0,-508379.0,8067071.0,8067071.0,0.67,0.67,404616.0,404616.0,404616.0,404616.0,404616.0,800869.0,-1.0,-1.0,-508379.0,508379.0,-1.0,-1.0,-1.0,0.0,0.0,12777625.0,12777625.0,-1.0,-1.0,97274424.0,97274424.0,170176.0,97274424.0,97274424.0,97274424.0,97274424.0,97274424.0,-2798202.0,0.0,100072626.0,100072626.0,0.0,3966197.0,3421250.0,3421250.0,544947.0,-1.0,-1.0,-1.0,-1.0,544947.0,91776.0,453171.0,-1.0,-1.0,101240621.0,100525498.0,100525498.0,715123.0,168491.0,546632.0,546632.0,546632.0,-528176.0,0.0,-280000.0,280000.0,102763750.0,546632.0,0.0,546632.0,100291058.0,100291058.0,-2472692.0,102763750.0,0.0,102763750.0,0.0,0.0,-280000.0,280000.0,-1.0,-1.0,-99216250.0,-99216250.0,-99216250.0,-528176.0,-528176.0,376456.0,544947.0,91776.0,453171.0,-1.0,-168491.0,-1309248.0,-1.0,-1.0,404616.0,1309248.0,1309248.0,396253.0,1309248.0,1309248.0,451461.0,-1.0,-1.0,-1.0,453171.0,396253.0,-1.0,0.0,-1.0,453171.0,453171.0,56918.0,100205591.0,68352.0,0.0,68352.0,68352.0,-1.0,-1.0,-1.0,-1.0,-1.0,-1.0,-1.0,-1.0,-1.0,-1.0,-1.0,-1.0,-1.0,-1.0,-1.0,-1.0,-1.0,-1.0,-1.0,-1.0,-1.0,-1.0,-1.0
43.3,10.850000381469727,0.0,0.0,-792001.0,-1.0,-1.0,-862919.0,-792001.0,-792001.0,-862919.0,-862919.0,8349476.0,-8349476.0,-1.0,-1.0,-1.0,-1.0,-862919.0,-862919.0,-862919.0,-862919.0,-862919.0,-862919.0,-599222.0,-1.0,-8349476.0,8349476.0,8349476.0,8349476.0,8349476.0,0.0,0.0,13644801.0,13644801.0,2288859.0,2450083.0,70974678.0,73424761.0,-750318.0,70974678.0,70974678.0,73424761.0,70974678.0,70974678.0,-15290976.0,0.0,86265654.0,86265654.0,0.0,15495929.0,14540083.0,4040000.0,955846.0,-1.0,-1.0,-1.0,-1.0,955846.0,70918.0,884928.0,-1.0,884928.0,86470607.0,86265079.0,86265079.0,205528.0,-1.0,161224.0,161224.0,161224.0,-3043848.0,-161041354.0,0.0,2673952.0,0.0,161224.0,616120.0,-454896.0,-158452402.0,-158452402.0,-85000.0,-161041354.0,-161041354.0,0.0,2673952.0,2673952.0,0.0,2673952.0,-1.0,-1.0,161041354.0,161041354.0,161041354.0,-3043848.0,-3043848.0,5376546.0,925498.0,925498.0,-1.0,-1.0,571048.0,-8156697.0,-1.0,-1.0,-862919.0,8085779.0,8156697.0,-1.0,8085779.0,8156697.0,-1.0,-1.0,8050000.0,-1.0,-1.0,-1.0,44304.0,-1.0,-1.0,-1.0,-1.0,-1.0,-1.0,-1.0,-1.0,-1.0,-1.0,70918.0,-599222.0,70918.0,0.0,2450083.0,2450083.0,70918.0,0.0,-1.0,0.0,3880000.0,70918.0,599222.0,-1.0,-1.0,-1.0,-1.0,-1.0,-1.0,-1.0,-1.0,-1.0,-1.0
43.2,10.449999809265137,0.0,0.21,1890290.0,-1.0,-1.0,1890290.0,1890290.0,1890290.0,1890290.0,1890290.0,1509446.0,-1509446.0,27643835.0,27643835.0,0.07,0.07,1890290.0,1890290.0,1890290.0,1890290.0,1890290.0,1890290.0,-1.0,-1.0,-1509446.0,1509446.0,1509446.0,1509446.0,1509446.0,0.0,0.0,28750000.0,28750000.0,-1.0,-1.0,232055860.0,232055860.0,1091655.0,232055860.0,232055860.0,232055860.0,232055860.0,232055860.0,-7094451.0,0.0,239150311.0,239150311.0,0.0,8325348.0,8210000.0,160000.0,115348.0,-1.0,-1.0,-1.0,-1.0,115348.0,85000.0,30348.0,-1.0,30348.0,240381208.0,239174205.0,239149736.0,1207003.0,-1.0,616120.0,616120.0,616120.0,-1932401.0,-1.0,-240629.0,75.0,225406221.0,616120.0,0.0,616120.0,238298521.0,238298521.0,-417146.0,225406221.0,-1.0,225406221.0,-240554.0,-240554.0,-240629.0,75.0,-1.0,-1.0,-235750000.0,-235750000.0,-235750000.0,-1932401.0,-1932401.0,-422955.0,30348.0,30348.0,-1.0,-1.0,-613303.0,-3399736.0,-1.0,-1.0,1890290.0,3399736.0,3399736.0,-1.0,3399736.0,3399736.0,-1.0,-1.0,8050000.0,0.0,-1.0,-1.0,590883.0,-1.0,-1.0,-1.0,-1.0,-1.0,-1.0,-1.0,-1.0,-1.0,-1.0,0.0,-1.0,0.0,0.0,-1.0,-1.0,0.0,24469.0,0.0,13550000.0,160000.0,0.0,0.0,-1.0,-1.0,-1.0,-1.0,-1.0,-1.0,-1.0,-1.0,-1.0,-1.0
43.1,9.899999618530273,0.0,0.0,-10861.0,-1.0,-1.0,-10861.0,-10861.0,-10861.0,-10861.0,-10861.0,10861.0,-10861.0,5000000.0,5000000.0,-0.002172,-0.002172,-10861.0,-10861.0,-10861.0,-10861.0,-10861.0,-10861.0,-1.0,-1.0,-10861.0,10861.0,10861.0,10861.0,10861.0,0.0,0.0,28750000.0,28750000.0,240554.0,240554.0,14139.0,254693.0,-581460.0,14139.0,14139.0,14139.0,14139.0,14139.0,-10861.0,24425.0,575.0,575.0,0.0,583509.0,0.0,0.0,583509.0,-1.0,240554.0,240554.0,-1.0,342955.0,342955.0,-1.0,-1.0,-1.0,597648.0,595599.0,-1.0,2049.0,2049.0,0.0,0.0,0.0,-7910.0,-1.0,0.0,240554.0,0.0,0.0,0.0,-1.0,7910.0,7900.0,-232644.0,0.0,-1.0,0.0,240554.0,240554.0,0.0,240554.0,240554.0,-1.0,0.0,0.0,-1.0,-7910.0,-7910.0,-2049.0,0.0,0.0,-1.0,-1.0,-2049.0,5000.0,-1.0,-1.0,-10861.0,0.0,0.0,-1.0,0.0,0.0,-1.0,-1.0,0.0,240554.0,-1.0,-1.0,2049.0,-1.0,240554.0,-1.0,-1.0,-1.0,-1.0,-1.0,-1.0,-1.0,-1.0,-1.0,-1.0,-1.0,-1.0,-1.0,-1.0,-1.0,0.0,595599.0,0.0,-1.0,-1.0,-1.0,-1.0,-1.0,-1.0,-1.0,-1.0,-1.0,-1.0,-1.0,-1.0,-1.0
64.3,10.869999885559082,0.0,0.0,1680981.0,-955940.0,-955940.0,-34727.0,725041.0,725041.0,921213.0,-34727.0,3098285.0,-3098285.0,-1.0,-1.0,-1.0,-1.0,-34727.0,-34727.0,-34727.0,-34727.0,-34727.0,-34727.0,-935580.0,-955940.0,-3098285.0,3098285.0,-1.0,-1.0,-1.0,0.0,0.0,11236002.0,11236002.0,1155297.0,1250000.0,26322234.0,27572234.0,-7590471.0,26322234.0,26322234.0,26322234.0,26322234.0,26322234.0,-15333039.0,6098498.0,35556775.0,35556775.0,0.0,9379298.0,1643271.0,0.0,7736027.0,1567406.0,1250000.0,1250000.0,1250000.0,4918621.0,-1.0,4918621.0,331291.0,4587330.0,35701532.0,35555976.0,35555976.0,145556.0,50853.0,94703.0,94703.0,94703.0,-1062642.0,-294254572.0,-1.0,250000.0,-1.0,94703.0,86401.0,8302.0,-292043628.0,-292043628.0,1960944.0,-294254572.0,-294254572.0,-1.0,250000.0,-1.0,-1.0,-1.0,250000.0,-1.0,293114572.0,293114572.0,293114572.0,-1062642.0,-1062642.0,2035643.0,2042865.0,-1.0,2042865.0,1946574.0,-7222.0,-4019498.0,955940.0,955940.0,-34727.0,3999138.0,4758906.0,-1.0,3999138.0,4758906.0,3098285.0,1643271.0,-1.0,-1.0,-1.0,-1.0,-1.0,-1.0,250000.0,-1.0,-1.0,-1.0,-1.0,-1.0,-1.0,-1.0,-1.0,759768.0,20360.0,759768.0,-1.0,-1.0,-1.0,-1.0,-1.0,-1.0,-1.0,-1.0,-1.0,-1.0,-1.0,-1.0,-1.0,-1.0,-1.0,-1.0,-1.0,-1.0,-1.0,-1.0
64.2,10.069999694824219,1884439.62,0.21,1604603.0,8973522.0,8973522.0,10578125.0,10578125.0,10578125.0,3489042.62,10578125.0,4074437.0,-4074437.0,39902043.0,39902043.0,0.27,0.27,10578125.0,10578125.0,10578125.0,10578125.0,10578125.0,10578125.0,9973522.0,8973522.0,-4074437.0,4074437.0,-1.0,-1.0,-1.0,0.0,0.0,39902043.0,39902043.0,913599.0,1000000.0,308614129.0,309614129.0,-3745724.0,308614129.0,308614129.0,308614129.0,308614129.0,308614129.0,-15298312.0,0.0,323912441.0,323912441.0,0.0,15427545.0,11551789.0,11172572.0,3875756.0,-1.0,1000000.0,1000000.0,1000000.0,2875756.0,-1.0,2875756.0,235000.0,2640756.0,324041674.0,323911642.0,323911642.0,130032.0,43631.0,86401.0,86401.0,86401.0,-1020823.0,0.0,-1.0,1000000.0,0.0,86401.0,107224.0,-20823.0,1000000.0,1000000.0,-1.0,0.0,0.0,0.0,1000000.0,-1.0,-1.0,-1.0,1000000.0,-1.0,0.0,0.0,-1.0,-1020823.0,-1020823.0,2053614.0,1704820.0,-1.0,1704820.0,1584820.0,348794.0,-4679040.0,-8973522.0,-8973522.0,10578125.0,4679040.0,4679040.0,-1.0,4679040.0,4679040.0,4074437.0,379217.0,-1.0,-1.0,-1.0,-1.0,-1.0,-1.0,1000000.0,-1.0,-1.0,-1.0,-1.0,-1.0,-1.0,-1.0,-1.0,0.0,1000000.0,0.0,-1.0,-1.0,-1.0,-1.0,0.0,-1.0,0.0,-1.0,-1.0,-1.0,-1.0,-1.0,-1.0,-1.0,-1.0,-1.0,-1.0,-1.0,-1.0,-1.0
64.1,9.729999542236328,2716030.71,0.27,-13540993.0,10059373.0,10059373.0,6594017.0,-3481620.0,-3481620.0,-749325.29,6594017.0,3481620.0,-2916919.0,33670952.0,33670952.0,0.2,0.2,6594017.0,6594017.0,6594017.0,6594017.0,6594017.0,6594017.0,10059373.0,10059373.0,-3481620.0,3481620.0,3481620.0,3481620.0,3481620.0,0.0,0.0,39902043.0,39902043.0,-1.0,-1.0,298036004.0,298036004.0,-720082.0,298036004.0,298036004.0,298036004.0,298036004.0,298036004.0,-21181135.0,0.0,319217139.0,319217139.0,0.0,21696247.0,20525311.0,11172572.0,1170936.0,-1.0,-1.0,-1.0,-1.0,1170936.0,-1.0,1170936.0,115000.0,1055936.0,319732251.0,319281397.0,319232602.0,450854.0,343630.0,107224.0,107224.0,107224.0,-2138406.0,-1.0,-1.0,-1.0,312857013.0,107224.0,0.0,107224.0,321461970.0,321461970.0,-779370.0,312857013.0,-1.0,312857013.0,-1.0,-1.0,-1.0,-1.0,-1.0,-1.0,-319216340.0,-319216340.0,-319216340.0,-2138406.0,-2138406.0,778511.0,1170936.0,-1.0,1170936.0,1055936.0,-392425.0,-16262.0,-9494672.0,-9494672.0,6594017.0,16264.0,16264.0,-1.0,16264.0,16264.0,2916919.0,9352739.0,-1.0,-1.0,-1.0,-1.0,-1.0,-1.0,-1.0,-1.0,-1.0,-1.0,-1.0,-1.0,-1.0,-1.0,-1.0,-1.0,-1.0,-1.0,-1.0,-1.0,-1.0,-1.0,48795.0,-1.0,9384327.0,-1.0,-1.0,-1.0,-1.0,-1.0,-1.0,-1.0,-1.0,-1.0,-1.0,-1.0,-1.0,-1.0
67.2,11.079999923706055,0.0,0.327,-801157.0,-1.0,-1.0,886366.0,-801157.0,-801157.0,886366.0,886366.0,801157.0,-801157.0,-1.0,-1.0,-1.0,-1.0,886366.0,886366.0,886366.0,886366.0,886366.0,1317785.0,-1.0,-1.0,-801157.0,801157.0,-1.0,-1.0,-1.0,0.0,0.0,5411300.0,5411300.0,1377458.0,1431747.0,31561068.0,32992815.0,-2490341.0,31561068.0,31561068.0,31561068.0,31561068.0,31561068.0,-4638010.0,0.0,36199078.0,36199078.0,0.0,5171858.0,2621437.0,2621437.0,2550421.0,-1.0,1431747.0,1431747.0,1431747.0,1118674.0,122007.0,996667.0,-1.0,-1.0,36732926.0,36672846.0,36672846.0,60080.0,5791.0,54289.0,54289.0,54289.0,-849990.0,-55662019.0,0.0,1431747.0,0.0,54289.0,547478.0,-493189.0,-54230272.0,-54230272.0,-1.0,-55662019.0,-55662019.0,0.0,1431747.0,1431747.0,0.0,1431747.0,-1.0,-1.0,54587073.0,54587073.0,54587073.0,-849990.0,-849990.0,409243.0,255082.0,45076.0,210006.0,-1.0,154161.0,-2118942.0,-1.0,-1.0,886366.0,2118942.0,2118942.0,431419.0,2118942.0,2118942.0,736593.0,-1.0,-1.0,-1.0,996667.0,402142.0,-1.0,229615.0,-1.0,210006.0,210006.0,64564.0,-1.0,33937.0,0.0,-26657.0,-26657.0,-1.0,-1.0,-1.0,-1.0,-1.0,-1.0,-1.0,-1.0,-1.0,-1.0,-1.0,-1.0,-1.0,-1.0,-1.0,-1.0,-1.0,-1.0,-1.0,-1.0,-1.0,-1.0,-1.0
67.1,10.220000267028809,0.0,0.21,-714479.0,-1.0,-1.0,217224.0,-714479.0,-714479.0,217224.0,217224.0,714479.0,-714479.0,6850559.0,2032123.0,-1.25,-1.25,217224.0,217224.0,217224.0,217224.0,217224.0,451498.0,-1.0,-1.0,-714479.0,714479.0,-1.0,-1.0,-1.0,0.0,0.0,10781250.0,10781250.0,-1.0,-1.0,86893341.0,86893341.0,400458.0,86893341.0,86893341.0,86893341.0,86893341.0,86893341.0,-1957217.0,0.0,88850558.0,88850558.0,0.0,2955066.0,2648094.0,2648094.0,306972.0,-1.0,-1.0,-1.0,-1.0,306972.0,76931.0,230041.0,-1.0,-1.0,89848407.0,89140977.0,89140977.0,707430.0,159952.0,547478.0,547478.0,547478.0,-741139.0,0.0,-316827.0,316827.0,91515000.0,547478.0,0.0,547478.0,89263617.0,89263617.0,-2251383.0,91515000.0,0.0,91515000.0,0.0,0.0,-316827.0,316827.0,-1.0,-1.0,-87975000.0,-87975000.0,-87975000.0,-741139.0,-741139.0,147020.0,306972.0,76931.0,230041.0,-1.0,-159952.0,-1165977.0,-1.0,-1.0,217224.0,1165977.0,1165977.0,234274.0,1165977.0,1165977.0,658118.0,-1.0,-1.0,-1.0,230041.0,173680.0,-1.0,0.0,-1.0,230041.0,230041.0,56361.0,-1.0,60594.0,0.0,60594.0,60594.0,-1.0,-1.0,-1.0,-1.0,-1.0,-1.0,-1.0,-1.0,-1.0,-1.0,-1.0,-1.0,-1.0,2587500.0,-1.0,-1.0,-1.0,-1.0,-1.0,-1.0,-1.0,-1.0,-1.0
73.2,10.25,0.0,0.21,-1629676.0,-1.0,-1.0,-147396.0,-1629676.0,-1629676.0,-147396.0,-147396.0,1629676.0,-1629676.0,13122700.0,13122700.0,-0.02,-0.02,-147396.0,-147396.0,-147396.0,-147396.0,-147396.0,-142396.0,-1.0,-1.0,-1629676.0,1629676.0,-1.0,-1.0,-1.0,0.0,0.0,13122700.0,13122700.0,1274250.0,1345900.0,99449262.0,100795162.0,-2091056.0,99449262.0,99449262.0,99449262.0,99449262.0,99449262.0,-4281038.0,0.0,103730300.0,103730300.0,0.0,5742859.0,3542000.0,3542000.0,2200859.0,-1.0,1345900.0,1345900.0,333900.0,854959.0,0.0,854959.0,-1.0,640448.0,105192121.0,105082318.0,105082318.0,109803.0,28153.0,71650.0,71650.0,71650.0,-904146.0,-1.0,-1.0,1345900.0,0.0,71650.0,499301.0,-427651.0,1345900.0,1345900.0,-1.0,0.0,-1.0,0.0,1345900.0,333900.0,-1.0,333900.0,1012000.0,-1.0,-869405.0,-869405.0,-1012000.0,-904146.0,-904146.0,730530.0,730583.0,-30000.0,760583.0,623382.0,9947.0,-1487280.0,-1.0,-1.0,-147396.0,1487280.0,1487280.0,5000.0,1487280.0,1487280.0,1420165.0,-1.0,-1.0,1012000.0,214511.0,5000.0,-1.0,-1.0,1012000.0,137201.0,137201.0,209511.0,-1.0,-1.0,-1.0,-1.0,-1.0,-1.0,-1.0,-1.0,-1.0,-1.0,-1.0,-1.0,-1.0,-1.0,-1.0,-1.0,-1.0,-1.0,-1.0,10000.0,10000.0,142595.0,-10000.0,-1.0,-1.0,-1.0,-1.0,-1.0
73.1,9.90999984741211,0.0,0.0,-360951.0,-1.0,-1.0,-353318.0,-360951.0,-360951.0,-353318.0,-353318.0,360951.0,-360951.0,4611520.0,4611520.0,-0.08,-0.08,-353318.0,-353318.0,-353318.0,-353318.0,-353318.0,-353318.0,-1.0,-1.0,-360951.0,360951.0,283641.0,283641.0,283641.0,0.0,0.0,13122700.0,13122700.0,-1.0,-1.0,99596658.0,99596658.0,413025.0,99596658.0,99596658.0,99596658.0,99596658.0,99596658.0,-3121642.0,0.0,102718300.0,102718300.0,0.0,3666376.0,3542000.0,3542000.0,124376.0,-1.0,-1.0,-1.0,-1.0,124376.0,30000.0,94376.0,-1.0,17066.0,103263034.0,102725633.0,102725633.0,537401.0,38100.0,499301.0,499301.0,499301.0,-274675.0,-1.0,-1.0,-1.0,103928000.0,499301.0,-1.0,-1.0,103491976.0,103491976.0,-436024.0,103928000.0,-1.0,103928000.0,-1.0,-1.0,-1.0,-1.0,-1.0,-1.0,-102718000.0,-102718000.0,-102718000.0,-274675.0,-274675.0,86276.0,124376.0,30000.0,94376.0,17066.0,-38100.0,-7633.0,-1.0,-1.0,-353318.0,7633.0,7633.0,-1.0,7633.0,7633.0,-1.0,-1.0,3542000.0,-1.0,77310.0,77310.0,-1.0,-1.0,-1.0,77310.0,77310.0,77310.0,-1.0,-1.0,-1.0,-1.0,-1.0,-1.0,-1.0,-1.0,-1.0,-1.0,-1.0,-1.0,-1.0,-1.0,-1.0,-1.0,-1.0,-1.0,-1.0,0.0,-1.0,-1.0,-1.0,-1.0,-1.0,-1.0,-1.0,-1.0
95.1,9.843000411987305,389895.825,0.025,-16395862.0,15595833.0,15595833.0,16761599.0,-800029.0,-800029.0,1555661.825,16761599.0,800029.0,-800029.0,50000000.0,50000000.0,0.34,0.34,16761599.0,16761599.0,16761599.0,16761599.0,16761599.0,17191801.0,15595833.0,15595833.0,-800029.0,800029.0,-1.0,-1.0,-1.0,0.0,0.0,50000000.0,50000000.0,-1.0,-1.0,387192819.0,387192819.0,-567518.0,387192819.0,387192819.0,387192819.0,387192819.0,387192819.0,-14444983.0,0.0,401637802.0,401637802.0,0.0,15310714.0,14656667.0,14000000.0,654047.0,-1.0,-1.0,-1.0,-1.0,654047.0,313845.0,340202.0,-1.0,-1.0,402503533.0,402417004.0,402417004.0,86529.0,15.0,86514.0,86514.0,86514.0,-925966.0,-1.0,0.0,-1.0,0.0,86514.0,1040030.0,-953516.0,-27550.0,-27550.0,-27550.0,0.0,-1.0,0.0,0.0,0.0,0.0,-1.0,-1.0,-1.0,0.0,0.0,-1.0,-925966.0,-925966.0,304265.0,297598.0,-42604.0,340202.0,-1.0,6667.0,-2395997.0,-15595833.0,-15595833.0,16761599.0,2395997.0,2395997.0,430202.0,2395997.0,2395997.0,800029.0,656667.0,14000000.0,-1.0,340202.0,340202.0,-1.0,-1.0,-1.0,340202.0,340202.0,-1.0,-1.0,-1.0,-1.0,-1.0,-1.0,-1.0,-1.0,-1.0,-1.0,-1.0,-1.0,-1.0,-1.0,-1.0,0.0,-1.0,-1.0,-1.0,-1.0,-1.0,-1.0,-1.0,-1.0,-1.0,-1.0,-1.0,-1.0,-1.0
110.2,10.140000343322754,4253211.06,0.21,-25640630.0,20253386.0,20253386.0,14866187.0,-5387244.0,-5387244.0,-1133987.94,14866187.0,5387244.0,-5387244.0,43125000.0,43125000.0,0.34,0.34,14866187.0,14866187.0,14866187.0,14866187.0,14866187.0,14866187.0,20253386.0,20253386.0,-5387244.0,5387244.0,5387244.0,5387244.0,5387244.0,0.0,0.0,43125000.0,43125000.0,-1.0,-1.0,331910548.0,331910548.0,-5475144.0,331910548.0,331910548.0,331910548.0,331910548.0,331910548.0,-18322677.0,0.0,350233225.0,350233225.0,0.0,18493518.0,12946670.0,12075000.0,5546848.0,-1.0,-1.0,-1.0,-1.0,5546848.0,3732635.0,1814213.0,-1.0,1814213.0,350404066.0,350332362.0,350332362.0,71704.0,40000.0,31704.0,31704.0,31704.0,-1101998.0,-1.0,0.0,-1.0,0.0,31704.0,1133702.0,-1101998.0,0.0,0.0,-1.0,0.0,-1.0,0.0,0.0,-1.0,-1.0,-1.0,0.0,0.0,0.0,0.0,-1.0,-1101998.0,-1101998.0,4285201.0,4308184.0,3689066.0,619118.0,619118.0,-22983.0,-1.0,-20253386.0,-20253386.0,14866187.0,45.0,45.0,-1.0,45.0,45.0,-1.0,871670.0,-1.0,-1.0,-1.0,-1.0,-1.0,-1.0,-1.0,-1.0,-1.0,-1.0,-1.0,-1.0,-1.0,-1.0,-1.0,-1.0,-1.0,-1.0,-1.0,-1.0,-1.0,-1.0,-1.0,-1.0,-1.0,-1.0,-1.0,-1.0,-1.0,-1.0,-1.0,-1.0,-1.0,-1.0,-1.0,-1.0,-1.0,-1.0
110.1,9.729999542236328,2796472.35,0.27,-11537088.0,10357305.0,10357305.0,8180210.0,-1179783.0,-1179783.0,619377.35,8180210.0,1179783.0,-1179783.0,37375721.0,37375721.0,0.22,0.22,8180210.0,8180210.0,8180210.0,8180210.0,8180210.0,8180210.0,9359865.0,10357305.0,-1179783.0,1179783.0,1179783.0,1179783.0,1179783.0,0.0,0.0,43125000.0,43125000.0,-1.0,-1.0,317044361.0,317044361.0,-87944.0,317044361.0,317044361.0,317044361.0,317044361.0,317044361.0,-27956502.0,0.0,345000863.0,345000863.0,0.0,29177993.0,27939330.0,12075000.0,1238663.0,-1.0,-1.0,-1.0,-1.0,1238663.0,43568.0,1195095.0,-1.0,1195095.0,346222354.0,345071635.0,345071635.0,1150719.0,17017.0,1133702.0,1133702.0,1133702.0,-391808.0,-1.0,-89890.0,-1.0,353900000.0,1133702.0,0.0,1133702.0,346525510.0,346525510.0,-7284600.0,353900000.0,-1.0,353900000.0,-89890.0,-1.0,-1.0,-1.0,-89890.0,-89890.0,-345000000.0,-345000000.0,-345000000.0,-391808.0,-391808.0,762847.0,779864.0,-181526.0,961390.0,961390.0,-17017.0,25000.0,-9359865.0,-9359865.0,8180210.0,128.0,128.0,-1.0,128.0,128.0,-1.0,15864330.0,-1.0,-1.0,-1.0,-1.0,-1.0,-1.0,-1.0,-1.0,-1.0,-1.0,-1.0,-1.0,-1.0,-1.0,-1.0,-1.0,-997440.0,-1.0,-1.0,-1.0,-1.0,-1.0,-1.0,-1.0,-1.0,-1.0,-1.0,-1.0,-1.0,-1.0,-1.0,-1.0,-1.0,-1.0,-1.0,-1.0,-1.0,-1.0
113.3,10.600000381469727,-398125.14,0.21,-207834.0,-1895834.0,-1895834.0,-1467612.0,-2103668.0,-2103668.0,30096.86,-1467612.0,2103668.0,-2103668.0,-1.0,-1.0,-1.0,-1.0,-1467612.0,-1467612.0,-1467612.0,-1467612.0,-1467612.0,-814568.0,-1895834.0,-1895834.0,-2103668.0,2103668.0,-1.0,-1.0,-1.0,0.0,0.0,7765437.0,7765437.0,1756981.0,2063015.0,-11949258.0,-9886243.0,-6063520.0,-11949258.0,-11949258.0,-11949258.0,-11949258.0,-11949258.0,-18178122.0,0.0,6228864.0,6228864.0,0.0,18626384.0,12104167.0,10062500.0,6522217.0,-1.0,2063015.0,2063015.0,2063015.0,4459202.0,-1.0,4459202.0,-1.0,1135140.0,6677126.0,6218429.0,6218429.0,458697.0,152663.0,306034.0,306034.0,306034.0,-1738493.0,-287071970.0,0.0,1163015.0,-1.0,306034.0,348749.0,-42715.0,-285908955.0,-285908955.0,-1.0,-287071970.0,-287071970.0,-1.0,1163015.0,1163015.0,0.0,1163015.0,-1.0,-1.0,287604733.0,287604733.0,287604733.0,-1738493.0,-1738493.0,1009979.0,1090345.0,-1.0,1090345.0,885650.0,-80366.0,-3176694.0,1895834.0,1895834.0,-1467612.0,3184934.0,3184934.0,653044.0,3184934.0,3184934.0,2103668.0,2041667.0,-1.0,-1.0,3324062.0,453342.0,-1.0,448349.0,-1.0,204695.0,204695.0,-1.0,-1.0,-1.0,-1.0,-1.0,-1.0,-1.0,-1.0,-1.0,-1.0,-1.0,-1.0,-1.0,-1.0,-1.0,-1.0,-1.0,-1.0,-1.0,-1.0,-1.0,-1.0,-1.0,-1.0,-1.0,-1.0,-1.0,-1.0,-1.0
113.2,9.989999771118164,506836.482,0.071,-8482341.0,7138542.0,7138542.0,9846711.0,-1343799.0,-1343799.0,3215005.482,9846711.0,1343799.0,-1343799.0,43125000.0,7187500.0,0.27,0.27,9846711.0,9846711.0,9846711.0,9846711.0,9846711.0,10606358.0,7949692.0,7138542.0,-1343799.0,1343799.0,-1.0,-1.0,-1.0,0.0,0.0,35937500.0,35937500.0,-1.0,88850.0,280272194.0,280361044.0,-165940.0,280272194.0,280272194.0,280272194.0,280272194.0,280272194.0,-10086295.0,0.0,290358489.0,290358489.0,0.0,10795319.0,10208333.0,10062500.0,586986.0,-1.0,88850.0,88850.0,88850.0,498136.0,-1.0,498136.0,-1.0,249489.0,291067513.0,290646467.0,290646467.0,421046.0,72297.0,348749.0,348749.0,348749.0,-1647496.0,0.0,-141367.0,900000.0,0.0,348749.0,366612.0,-17863.0,758633.0,758633.0,-1.0,0.0,0.0,0.0,758633.0,758633.0,-141367.0,900000.0,-1.0,-1.0,871000.0,871000.0,871000.0,-1647496.0,-1647496.0,455950.0,176062.0,-1.0,176062.0,-72585.0,279888.0,-4811615.0,-7138542.0,-7138542.0,9846711.0,4000465.0,4000465.0,759647.0,4000465.0,4000465.0,1343799.0,145833.0,10062500.0,0.0,248647.0,248647.0,-1.0,511000.0,-1.0,248647.0,248647.0,-1.0,-1.0,-1.0,-1.0,-1.0,-1.0,-1.0,811150.0,-1.0,-1.0,-1.0,-1.0,-1.0,-1.0,-1.0,0.0,-1.0,-1.0,-1.0,-1.0,-1.0,-1.0,-1.0,-1.0,0.0,0.0,-1.0,-1.0,-1.0
113.1,9.670000076293945,0.0,0.0,-7297310.0,6274634.0,6274634.0,5268961.0,-1022676.0,-1022676.0,-1005673.0,5268961.0,1022676.0,-1022676.0,29379281.0,29058219.0,0.18,0.18,5268961.0,5268961.0,5268961.0,5268961.0,5268961.0,5268961.0,6274634.0,6756458.0,-1022676.0,1022676.0,1022676.0,1022676.0,1022676.0,0.0,0.0,35937500.0,35937500.0,-1.0,141367.0,270425483.0,270566850.0,255355.0,270425483.0,270425483.0,270425483.0,270425483.0,270425483.0,-17075236.0,0.0,287500719.0,287500719.0,0.0,17810316.0,17346875.0,10062500.0,463441.0,-1.0,141367.0,141367.0,141367.0,322074.0,322074.0,322074.0,-1.0,322074.0,288235799.0,287517003.0,287517003.0,718796.0,352184.0,366612.0,366612.0,366612.0,-1052786.0,-1.0,-10123.0,141367.0,281775000.0,366612.0,0.0,366612.0,288919398.0,288919398.0,-486846.0,281775000.0,-1.0,281775000.0,131244.0,131244.0,-10123.0,141367.0,131244.0,-10123.0,-287500000.0,-287500000.0,-287500000.0,-1052786.0,-1052786.0,-30110.0,322074.0,322074.0,322074.0,322074.0,-352184.0,464821.0,-6756458.0,-6756458.0,5268961.0,17003.0,17003.0,0.0,17003.0,17003.0,1022676.0,7284375.0,10062500.0,141367.0,0.0,0.0,-1.0,-1.0,141367.0,0.0,0.0,-1.0,-1.0,-1.0,-1.0,-1.0,-1.0,-1.0,-481824.0,-1.0,-1.0,-1.0,-1.0,-1.0,-1.0,-1.0,7500000.0,-1.0,-1.0,-1.0,-1.0,-1.0,-1.0,-1.0,-1.0,-481824.0,481824.0,481824.0,-1.0,-1.0
123.3,10.489999771118164,3190572.628,0.113,-30271741.0,28235156.0,28235156.0,23247227.0,-2036585.0,-2036585.0,-1797356.372,23247227.0,2036585.0,-2036585.0,-1.0,-1.0,-1.0,-1.0,23247227.0,23247227.0,23247227.0,23247227.0,23247227.0,26198571.0,28235156.0,28235156.0,-2036585.0,2036585.0,1836585.0,1836585.0,1836585.0,0.0,0.0,65625000.0,65625000.0,-1.0,650000.0,531768623.0,532418623.0,-1779880.0,531768623.0,531768623.0,531768623.0,531768623.0,531768623.0,-22715036.0,0.0,554483659.0,554483659.0,-1.0,25640726.0,21993136.0,18893136.0,3647590.0,-1.0,650000.0,650000.0,-1.0,2997590.0,360875.0,2636715.0,-1.0,-1.0,557409349.0,555541639.0,555541639.0,1867710.0,25186.0,1842524.0,1842524.0,1842524.0,-1411225.0,-1.0,-600000.0,650000.0,0.0,1842524.0,378072.0,1464452.0,50000.0,50000.0,-1.0,0.0,-1.0,0.0,50000.0,50000.0,-600000.0,650000.0,-1.0,-1.0,2825677.0,2825677.0,2825677.0,-1411225.0,-1411225.0,3576703.0,2648477.0,333429.0,2315048.0,-1.0,919275.0,-1.0,-28235155.0,-28235155.0,23247227.0,0.0,-1.0,2951344.0,0.0,-1.0,-1.0,3100000.0,-1.0,650000.0,2636715.0,2596715.0,-1.0,50350.0,-1.0,2315048.0,2315048.0,200000.0,-1.0,518136.0,-1.0,-1.0,-1.0,-1.0,-1.0,-1.0,-1.0,-1.0,-1.0,-1.0,-1.0,-1.0,0.0,8951.0,-1.0,-1.0,-1.0,-1.0,-1.0,-1.0,-1.0,-1.0,-1.0,-1.0,-1.0,-1.0
123.2,10.460000038146973,719366.03,0.038,-20561357.0,18930685.0,18930685.0,16051936.0,-1630672.0,-1630672.0,-2159382.97,16051936.0,1630672.0,-1630672.0,63756000.0,63756000.0,0.47,0.47,16051936.0,16051936.0,16051936.0,16051936.0,16051936.0,16682788.0,18930685.0,18930685.0,-1630672.0,1630672.0,1430672.0,1430672.0,1430672.0,0.0,0.0,65625000.0,65625000.0,221928.0,600000.0,508521396.0,509121396.0,373420.0,508521396.0,508521396.0,508521396.0,508521396.0,508521396.0,-22517629.0,0.0,531039025.0,531039025.0,0.0,24741631.0,23792518.0,18884185.0,949113.0,-1.0,600000.0,600000.0,-1.0,349113.0,27446.0,321667.0,-1.0,-1.0,533263027.0,531940494.0,531940494.0,1322533.0,944461.0,378072.0,378072.0,378072.0,-2513503.0,-1.0,-300000.0,600000.0,525000000.0,378072.0,147160.0,230912.0,527120891.0,527120891.0,-10679109.0,525000000.0,-1.0,525000000.0,300000.0,300000.0,-300000.0,600000.0,-1.0,-1.0,-524376476.0,-524376476.0,-524376476.0,-2513503.0,-2513503.0,-251979.0,183297.0,-134300.0,317597.0,-1.0,-944461.0,-1.0,-18313460.0,-18313460.0,16051936.0,-617225.0,-1.0,630852.0,-617225.0,-1.0,-1.0,4908333.0,-1.0,600000.0,321667.0,121667.0,-1.0,4070.0,-1.0,317597.0,317597.0,200000.0,-1.0,509185.0,-1.0,-1.0,-1.0,-1.0,-1.0,-1.0,-1.0,-1.0,-1.0,-1.0,-1.0,-1.0,12500000.0,509185.0,-1.0,-1.0,-1.0,-1.0,-1.0,-1.0,-1.0,-1.0,-1.0,617225.0,0.0,-1.0
123.1,9.739999771118164,0.0,0.0,-6112.0,-1.0,-1.0,-6112.0,-6112.0,-6112.0,-6112.0,-6112.0,6112.0,-6112.0,65625000.0,65625000.0,-9.3e-05,-9.3e-05,-6112.0,-6112.0,-6112.0,-6112.0,-6112.0,-6112.0,-1.0,-1.0,-6112.0,6112.0,2042.0,2042.0,2042.0,0.0,0.0,65625000.0,65625000.0,152840.0,300000.0,18888.0,318888.0,18888.0,18888.0,18888.0,18888.0,18888.0,18888.0,-6112.0,23491.0,1509.0,1509.0,0.0,465816.0,0.0,0.0,465816.0,-1.0,300000.0,300000.0,-1.0,165816.0,161746.0,4070.0,-1.0,-1.0,484704.0,0.0,-1.0,484704.0,0.0,147160.0,147160.0,147160.0,-177840.0,-1.0,0.0,300000.0,25000.0,147160.0,0.0,147160.0,325000.0,325000.0,-1.0,25000.0,-1.0,25000.0,300000.0,300000.0,0.0,300000.0,300000.0,-1.0,0.0,0.0,-1.0,-177840.0,-177840.0,-171728.0,-171728.0,-175798.0,4070.0,-1.0,0.0,-1.0,-1.0,-1.0,-6112.0,0.0,-1.0,0.0,0.0,-1.0,-1.0,0.0,-1.0,300000.0,4070.0,0.0,-1.0,0.0,300000.0,4070.0,4070.0,4070.0,-1.0,0.0,-1.0,-1.0,-1.0,-1.0,-1.0,-1.0,-1.0,-1.0,-1.0,-1.0,-1.0,-1.0,0.0,-1.0,-1.0,-1.0,-1.0,-1.0,-1.0,-1.0,-1.0,-1.0,-1.0,-1.0,337544.0,-1.0
149.2,10.069999694824219,0.0,0.21,-691346.0,-1.0,-1.0,5799872.0,-691346.0,-691346.0,5799872.0,5799872.0,691346.0,-691346.0,57350000.0,57350000.0,0.1,0.1,5799872.0,5799872.0,5799872.0,5799872.0,5799872.0,5799872.0,-1.0,-1.0,-691346.0,691346.0,-1.0,-1.0,-1.0,0.0,0.0,57350000.0,57350000.0,192098.0,300000.0,440449670.0,440749670.0,-327864.0,440449670.0,440449670.0,440449670.0,440449670.0,440449670.0,-15979099.0,0.0,456428769.0,456428769.0,0.0,16241415.0,15750000.0,-1.0,491415.0,-1.0,300000.0,300000.0,300000.0,191415.0,-1.0,-1.0,-1.0,-1.0,456691085.0,456527534.0,456527534.0,163551.0,55649.0,107902.0,107902.0,107902.0,-419248.0,-1.0,0.0,300000.0,0.0,107902.0,227150.0,-119248.0,300000.0,300000.0,-1.0,0.0,-1.0,0.0,300000.0,300000.0,0.0,300000.0,-1.0,-1.0,0.0,0.0,-1.0,-419248.0,-419248.0,272098.0,-25551.0,-1.0,-1.0,-1.0,297649.0,-6491218.0,-1.0,-1.0,5799872.0,6491218.0,6491218.0,-1.0,6491218.0,6491218.0,691346.0,-1.0,15750000.0,300000.0,-1.0,-1.0,-1.0,-1.0,-1.0,-1.0,-1.0,-1.0,-1.0,-1.0,-1.0,-1.0,-1.0,-1.0,-1.0,-1.0,-1.0,-1.0,-1.0,-1.0,-1.0,-1.0,-1.0,-1.0,-1.0,-1.0,-1.0,-1.0,-1.0,-1.0,-1.0,-1.0,-1.0,-1.0,-1.0,-1.0
149.1,9.779999732971191,0.0,0.0,-1013555.0,-1.0,-1.0,-977239.0,-1013555.0,-1013555.0,-977239.0,-977239.0,1013555.0,-1013555.0,49558451.0,49558451.0,-0.02,-0.02,-977239.0,-977239.0,-977239.0,-977239.0,-977239.0,-977239.0,-1.0,-1.0,-1013555.0,1013555.0,-1.0,-1.0,-1.0,0.0,0.0,57350000.0,57350000.0,-1.0,-1.0,434649798.0,434649798.0,363482.0,434649798.0,434649798.0,434649798.0,434649798.0,434649798.0,-15351437.0,0.0,450001235.0,450001235.0,0.0,15966966.0,15750000.0,-1.0,216966.0,-1.0,-1.0,-1.0,-1.0,216966.0,-1.0,-1.0,-1.0,-1.0,450616764.0,450036316.0,450036316.0,580448.0,353298.0,227150.0,227150.0,227150.0,-1144887.0,-1.0,-300000.0,300000.0,452000000.0,227150.0,0.0,227150.0,451372037.0,451372037.0,-627963.0,452000000.0,-1.0,452000000.0,0.0,0.0,-300000.0,300000.0,0.0,-300000.0,-450000000.0,-450000000.0,-450000000.0,-1144887.0,-1144887.0,-136332.0,216966.0,-1.0,-1.0,-1.0,-353298.0,-31316.0,-1.0,-1.0,-977239.0,36316.0,36316.0,-1.0,36316.0,36316.0,1013555.0,-1.0,15750000.0,0.0,-1.0,-1.0,-1.0,-1.0,300000.0,-1.0,-1.0,-1.0,-1.0,-1.0,-1.0,-1.0,-1.0,-1.0,-1.0,-1.0,-1.0,-1.0,-1.0,-1.0,-1.0,-1.0,-1.0,-1.0,-1.0,-1.0,-1.0,-1.0,-1.0,-1.0,-1.0,-1.0,-1.0,-1.0,-1.0,-1.0
151.3,10.845000267028809,1888541.55,0.21,-10293699.0,8993055.0,8993055.0,7623957.0,-1300644.0,-1300644.0,519443.55,7623957.0,1300644.0,-1319471.0,16975914.0,16975914.0,0.45,0.45,7623957.0,7623957.0,7623957.0,7623957.0,7623957.0,7623957.0,8924601.0,8993055.0,-1300644.0,1300644.0,1300644.0,1300644.0,1300644.0,0.0,0.0,9901134.0,9901134.0,-1.0,-1.0,45176460.0,45176460.0,-61449.0,45176460.0,45176460.0,45176460.0,45176460.0,45176460.0,-943675.0,863326.0,45256809.0,45256809.0,0.0,186820.0,118325.0,0.0,68495.0,-1.0,-1.0,-1.0,-1.0,68495.0,59430.0,9065.0,-1.0,9065.0,45363280.0,45356234.0,45356234.0,7046.0,3148.0,3898.0,3898.0,3898.0,-964321.0,-197854025.0,-1.0,851899.0,-1.0,3898.0,116320.0,-112422.0,-197002126.0,-197002126.0,-1.0,-197854025.0,-197854025.0,-1.0,851899.0,-1.0,-1.0,-1.0,851899.0,-1.0,197854025.0,197854025.0,197854025.0,-964321.0,-964321.0,355150.0,36006.0,53997.0,-17991.0,-17991.0,319144.0,-351194.0,-8592234.0,-8592234.0,7623957.0,-1.0,-1.0,-1.0,-1.0,-1.0,-1.0,118325.0,-1.0,-1.0,-1.0,-1.0,-1.0,-1.0,851899.0,-1.0,-1.0,-1.0,-1.0,-1.0,-1.0,-1.0,-1.0,-1.0,-68454.0,-1.0,-1.0,-1.0,-1.0,-1.0,-1.0,-1.0,-1.0,-1.0,-1.0,-1.0,-1.0,-1.0,-1.0,-1.0,-1.0,-1.0,-1.0,-1.0,-1.0,-1.0
151.2,10.279999732971191,2547480.81,0.21,-13525242.0,12130861.0,12130861.0,10708490.0,-1394381.0,-1394381.0,1125109.81,10708490.0,1394381.0,-1394381.0,28750000.0,28750000.0,0.37,0.37,10708490.0,10708490.0,10708490.0,10708490.0,10708490.0,10708490.0,12102871.0,12130861.0,-1394381.0,1394381.0,1394381.0,1394381.0,1394381.0,0.0,0.0,28750000.0,28750000.0,1315226.0,1431546.0,233956036.0,235387582.0,406123.0,233956036.0,233956036.0,235387582.0,233956036.0,233956036.0,-3740653.0,0.0,237696689.0,237696689.0,0.0,4278690.0,4246201.0,267420.0,32489.0,-1.0,-1.0,-1.0,-1.0,32489.0,5433.0,27056.0,-1.0,27056.0,238234726.0,237796114.0,237796114.0,438612.0,322292.0,116320.0,116320.0,116320.0,-904319.0,0.0,0.0,350000.0,0.0,116320.0,740639.0,-624319.0,280000.0,280000.0,-70000.0,0.0,0.0,0.0,350000.0,-1.0,-1.0,-1.0,350000.0,0.0,0.0,0.0,-1.0,-904319.0,-904319.0,490062.0,-13817.0,-40873.0,27056.0,27056.0,503879.0,27990.0,-12130861.0,-12130861.0,10708490.0,0.0,-1.0,-1.0,0.0,-1.0,-1.0,2547235.0,-1.0,-1.0,-1.0,-1.0,-1.0,-1.0,350000.0,-1.0,-1.0,-1.0,-1.0,-1.0,-1.0,-1.0,-1.0,-1.0,-27990.0,-1.0,-1.0,1431546.0,1431546.0,-1.0,-1.0,-1.0,-1.0,-1.0,-1.0,-1.0,-1.0,-1.0,-1.0,-1.0,-1.0,-1.0,-1.0,-1.0,-1.0,-1.0
151.1,9.829999923706055,1439623.26,0.27,-5550634.0,5331938.0,5331938.0,4955810.0,-218696.0,-218696.0,1063495.26,4955810.0,218696.0,-218696.0,8883333.0,8047101.0,0.56,0.62,4955810.0,4955810.0,4955810.0,4955810.0,4955810.0,4955810.0,5428382.0,5331938.0,-218696.0,218696.0,218696.0,218696.0,218696.0,0.0,0.0,28750000.0,28750000.0,312917.0,1053556.0,223247546.0,224301102.0,1450504.0,223247546.0,223247546.0,224301102.0,223247546.0,223247546.0,-11353029.0,0.0,234600575.0,234600575.0,0.0,12938262.0,12821956.0,267420.0,116306.0,-1.0,-1.0,-1.0,-1.0,116306.0,116306.0,-1.0,-1.0,0.0,236185808.0,234618998.0,234618998.0,1566810.0,826171.0,740639.0,740639.0,740639.0,-868492.0,-1.0,-243565.0,1053556.0,240554150.0,740639.0,0.0,740639.0,236209131.0,236209131.0,-5155010.0,240554150.0,-1.0,240554150.0,809991.0,-1.0,-1.0,-1.0,809991.0,-243565.0,-234600000.0,-234600000.0,-234600000.0,-868492.0,-868492.0,-779865.0,46306.0,46306.0,-1.0,0.0,-826171.0,33625.0,-5078062.0,-5078062.0,4955810.0,-253876.0,-1.0,-1.0,-253876.0,-1.0,-1.0,11500980.0,-1.0,-1.0,-1.0,-1.0,-1.0,-1.0,1053556.0,-1.0,-1.0,-1.0,-1.0,-1.0,-1.0,-1.0,-1.0,-1.0,96444.0,-1.0,-1.0,1053556.0,1053556.0,-1.0,-1.0,-1.0,-1.0,-1.0,-1.0,-1.0,-1.0,-1.0,-1.0,-1.0,-1.0,-1.0,-1.0,253876.0,-1.0,-1.0
163.3,10.630000114440918,0.0,0.2643,-1326228.0,-1.0,-1.0,3357353.0,-1326228.0,-1326228.0,3357353.0,3357353.0,1326228.0,-1326228.0,-1.0,-1.0,-1.0,-1.0,3357353.0,3357353.0,3357353.0,3357353.0,3357353.0,4563314.0,-1.0,-1.0,-1326228.0,1326228.0,-1.0,-1.0,-1.0,0.0,0.0,11517875.0,11517875.0,233133.0,290000.0,44450554.0,44740554.0,-3780648.0,44450554.0,44450554.0,44450554.0,44450554.0,44450554.0,-12171761.0,0.0,56622315.0,56622315.0,0.0,12600595.0,8750000.0,0.0,3850595.0,-1.0,290000.0,290000.0,290000.0,3560595.0,0.0,3560595.0,-1.0,1295810.0,57051149.0,56981202.0,56981202.0,69947.0,13080.0,56867.0,56867.0,56867.0,-1916081.0,-205478750.0,-1.0,290000.0,-1.0,56867.0,339663.0,-282796.0,-205188750.0,-205188750.0,-1.0,-205478750.0,-205478750.0,-1.0,290000.0,290000.0,-1.0,290000.0,-1.0,-1.0,206822035.0,206822035.0,206822035.0,-1916081.0,-1916081.0,764970.0,366734.0,-1.0,366734.0,156737.0,398236.0,-5889542.0,-1.0,-1.0,3357353.0,5889542.0,5889542.0,1205961.0,5889542.0,5889542.0,1326228.0,-1.0,8750000.0,-1.0,2264785.0,209997.0,-1.0,1278950.0,-1.0,209997.0,209997.0,-1.0,-1.0,0.0,-1.0,-148862.0,-148862.0,-1.0,-1.0,-1.0,-1.0,-1.0,-1.0,-1.0,-1.0,-1.0,-1.0,-1.0,-1.0,0.0,-1.0,-1.0,-1.0,-1.0,-1.0,-1.0,-1.0,-1.0,-1.0,0.0
163.2,10.119999885559082,64728.3516,0.2948,-1476075.0,219567.0,219567.0,1641258.0,-1256508.0,-1256508.0,1486419.3516,1641258.0,1256508.0,-1256508.0,31250000.0,6250000.0,0.05,0.05,1641258.0,1641258.0,1641258.0,1641258.0,1641258.0,2327294.0,219567.0,219567.0,-1256508.0,1256508.0,-1.0,-1.0,-1.0,0.0,0.0,31250000.0,31250000.0,-1.0,-1.0,248626739.0,248626739.0,-388094.0,248626739.0,248626739.0,248626739.0,248626739.0,248626739.0,-8951464.0,0.0,257578203.0,257578203.0,0.0,10037935.0,8898862.0,148862.0,1139073.0,-1.0,-1.0,-1.0,-1.0,1139073.0,524918.0,614155.0,-1.0,614155.0,258664674.0,257913695.0,257913695.0,750979.0,411316.0,339663.0,339663.0,339663.0,-1404862.0,0.0,0.0,0.0,0.0,339663.0,1081525.0,-741862.0,0.0,0.0,-1.0,0.0,0.0,0.0,0.0,0.0,-1.0,0.0,0.0,0.0,663000.0,663000.0,663000.0,-1404862.0,-1404862.0,388820.0,235723.0,-1.0,235723.0,235723.0,-82225.0,-3364235.0,-1.0,-1.0,1641258.0,3364235.0,3364235.0,686036.0,3364235.0,3364235.0,1256508.0,-1.0,8750000.0,-1.0,0.0,0.0,-1.0,663000.0,-1.0,0.0,0.0,-1.0,-1.0,148862.0,-1.0,148862.0,148862.0,-1.0,-1.0,-1.0,-1.0,-1.0,-1.0,-1.0,-1.0,-1.0,0.0,-1.0,-1.0,-219567.0,-1.0,-1.0,-1.0,-1.0,-1.0,-1.0,-1.0,-1.0,-1.0,235322.0
163.1,9.550000190734863,0.0,0.0,-438265.0,-27975.0,-27975.0,-473347.0,-466240.0,-466240.0,-445372.0,-473347.0,466240.0,-466240.0,9476156.0,9476156.0,-0.05,-0.05,-473347.0,-473347.0,-473347.0,-473347.0,-473347.0,-473347.0,-27975.0,-27975.0,-466240.0,466240.0,-1.0,-1.0,-1.0,0.0,0.0,31250000.0,31250000.0,-1.0,-1.0,246985481.0,246985481.0,507266.0,246985481.0,246985481.0,246985481.0,246985481.0,246985481.0,-8015144.0,0.0,255000625.0,255000625.0,0.0,9653350.0,8750000.0,0.0,903350.0,-1.0,-1.0,-1.0,-1.0,903350.0,903350.0,-1.0,-1.0,-1.0,256638831.0,255228215.0,255228215.0,1410616.0,329091.0,1081525.0,1081525.0,1081525.0,-652221.0,-1.0,-175695.0,175695.0,245000000.0,1081525.0,0.0,1081525.0,256733746.0,256733746.0,-266254.0,245000000.0,-1.0,245000000.0,0.0,175695.0,-1.0,175695.0,-175695.0,-175695.0,-255000000.0,-255000000.0,-255000000.0,-652221.0,-652221.0,-185981.0,378432.0,378432.0,-1.0,-1.0,-329091.0,-20868.0,-1.0,-1.0,-473347.0,20868.0,20868.0,0.0,20868.0,20868.0,466240.0,-1.0,8750000.0,-1.0,-1.0,-1.0,-1.0,-1.0,175695.0,-1.0,-1.0,-1.0,-1.0,0.0,-1.0,0.0,0.0,-1.0,-1.0,-1.0,-1.0,-1.0,-1.0,-1.0,-1.0,-1.0,12000000.0,-1.0,-1.0,27975.0,-1.0,-1.0,-1.0,-1.0,-1.0,-1.0,-1.0,-1.0,-1.0,-235322.0
166.2,9.970000267028809,411107.76,0.21,-4794072.0,1957656.0,1957656.0,-1287679.0,-2836416.0,-2836416.0,-2834227.24,-1287679.0,2836416.0,-2836416.0,16661800.0,3817863.0,-0.337277,-0.337277,-1287679.0,-1287679.0,-1287679.0,-1287679.0,-1287679.0,-873760.0,1962656.0,1957656.0,-2836416.0,2836416.0,-1.0,-1.0,-1.0,0.0,0.0,16661800.0,16661800.0,316260.0,399903.0,127440351.0,127840254.0,-2510770.0,127440351.0,127440351.0,127440351.0,127440351.0,127440351.0,-2511152.0,0.0,129951503.0,129951503.0,0.0,2642038.0,0.0,-1.0,2642038.0,14241.0,399903.0,399903.0,-1.0,2227894.0,1767679.0,460215.0,480.0,-1.0,130082389.0,129951121.0,129951121.0,131268.0,47625.0,83643.0,83643.0,83643.0,-1099736.0,-1.0,0.0,399903.0,0.0,83643.0,435936.0,-352293.0,399903.0,399903.0,-1.0,0.0,-1.0,0.0,399903.0,399903.0,0.0,399903.0,-1.0,-1.0,347540.0,347540.0,347540.0,-1099736.0,-1099736.0,2145599.0,1949915.0,1682029.0,267886.0,-1.0,195684.0,-1.0,-1957656.0,-1957656.0,-1287679.0,-1.0,-1.0,413919.0,-1.0,-1.0,2636416.0,0.0,-1.0,399903.0,459735.0,413919.0,-1.0,-1.0,-1.0,267406.0,267406.0,200000.0,-1.0,-1.0,-1.0,-1.0,-1.0,-1.0,5000.0,-1.0,-1.0,-1.0,-1.0,-1.0,0.0,-1.0,-1.0,-1.0,-1.0,-1.0,-1.0,-1.0,-1.0,-1.0,-1.0,-1.0,-1.0,-1.0,-1.0,-1.0
166.1,9.710000038146973,0.0,0.0,-778989.0,92570.0,92570.0,-594303.0,-686419.0,-686419.0,-686873.0,-594303.0,686419.0,-686419.0,14080359.0,3787858.0,-0.156897,-0.156897,-594303.0,-594303.0,-594303.0,-594303.0,-594303.0,-594303.0,92116.0,92570.0,-686419.0,686419.0,494090.0,494090.0,494090.0,0.0,0.0,16661800.0,16661800.0,-1.0,-1.0,128728030.0,128728030.0,353641.0,128728030.0,128728030.0,128728030.0,128728030.0,128728030.0,-594303.0,882581.0,128439752.0,128439752.0,0.0,400043.0,122064.0,-1.0,277979.0,-1.0,-1.0,-1.0,-1.0,277979.0,85650.0,192329.0,0.0,-1.0,129128073.0,128496453.0,128448828.0,631620.0,195684.0,435936.0,435936.0,435936.0,-651749.0,-1.0,-188532.0,188532.0,129964370.0,435936.0,0.0,435936.0,129527055.0,129527055.0,-437315.0,129964370.0,-1.0,129964370.0,0.0,0.0,-188532.0,188532.0,0.0,-188532.0,-128439370.0,-128439370.0,-128439370.0,-651749.0,-651749.0,34670.0,277979.0,85650.0,192329.0,-1.0,-243309.0,454.0,-92570.0,-92570.0,-594303.0,-1.0,-1.0,0.0,-1.0,-1.0,494090.0,122064.0,-1.0,0.0,192329.0,0.0,-1.0,-1.0,188532.0,192329.0,192329.0,192329.0,-1.0,-1.0,-1.0,-1.0,-1.0,-1.0,-454.0,-1.0,-1.0,-1.0,-1.0,-1.0,47625.0,-1.0,-1.0,-1.0,-1.0,-1.0,-1.0,-1.0,-1.0,-1.0,-1.0,-1.0,-1.0,-1.0,-1.0,-1.0
